date,library,downloads
2022-01-09,Atlas,433
2022-01-16,Atlas,434
2022-01-23,Atlas,421
2022-01-30,Atlas,415
2022-02-06,Atlas,417
2022-02-13,Atlas,435
2022-02-20,Atlas,430
2022-02-27,Atlas,426
2022-03-06,Atlas,449
2022-03-13,Atlas,446
2022-03-20,Atlas,426
2022-03-27,Atlas,437
2022-04-03,Atlas,420
2022-04-10,Atlas,434
2022-04-17,Atlas,425
2022-04-24,Atlas,398
2022-05-01,Atlas,398
2022-05-08,Atlas,406
2022-05-15,Atlas,402
2022-05-22,Atlas,416
2022-05-29,Atlas,448
2022-06-05,Atlas,422
2022-06-12,Atlas,446
2022-06-19,Atlas,453
2022-06-26,Atlas,487
2022-07-03,Atlas,480
2022-07-10,Atlas,440
2022-07-17,Atlas,418
2022-07-24,Atlas,419
2022-07-31,Atlas,396
2022-08-07,Atlas,386
2022-08-14,Atlas,396
2022-08-21,Atlas,406
2022-08-28,Atlas,473
2022-09-04,Atlas,470
2022-09-11,Atlas,485
2022-09-18,Atlas,499
2022-09-25,Atlas,480
2022-10-02,Atlas,473
2022-10-09,Atlas,476
2022-10-16,Atlas,466
2022-10-23,Atlas,461
2022-10-30,Atlas,453
2022-11-06,Atlas,442
2022-11-13,Atlas,483
2022-11-20,Atlas,472
2022-11-27,Atlas,481
2022-12-04,Atlas,463
2022-12-11,Atlas,459
2022-12-18,Atlas,446
2022-12-25,Atlas,368
2023-01-01,Atlas,375
2023-01-08,Atlas,481
2023-01-15,Atlas,485
2023-01-22,Atlas,452
2023-01-29,Atlas,467
2023-02-05,Atlas,466
2023-02-12,Atlas,464
2023-02-19,Atlas,466
2023-02-26,Atlas,479
2023-03-05,Atlas,483
2023-03-12,Atlas,476
2023-03-19,Atlas,480
2023-03-26,Atlas,454
2023-04-02,Atlas,502
2023-04-09,Atlas,469
2023-04-16,Atlas,461
2023-04-23,Atlas,467
2023-04-30,Atlas,502
2023-05-07,Atlas,502
2023-05-14,Atlas,490
2023-05-21,Atlas,486
2023-05-28,Atlas,492
2023-06-04,Atlas,462
2023-06-11,Atlas,445
2023-06-18,Atlas,451
2023-06-25,Atlas,446
2023-07-02,Atlas,497
2023-07-09,Atlas,514
2023-07-16,Atlas,442
2023-07-23,Atlas,421
2023-07-30,Atlas,406
2023-08-06,Atlas,413
2023-08-13,Atlas,455
2023-08-20,Atlas,466
2023-08-27,Atlas,517
2023-09-03,Atlas,519
2023-09-10,Atlas,522
2023-09-17,Atlas,522
2023-09-24,Atlas,523
2023-10-01,Atlas,512
2023-10-08,Atlas,509
2023-10-15,Atlas,494
2023-10-22,Atlas,492
2023-10-29,Atlas,518
2023-11-05,Atlas,487
2023-11-12,Atlas,468
2023-11-19,Atlas,476
2023-11-26,Atlas,447
2023-12-03,Atlas,474
2023-12-10,Atlas,477
2023-12-17,Atlas,484
2023-12-24,Atlas,384
2023-12-31,Atlas,426
2024-01-07,Atlas,505
2024-01-14,Atlas,523
2024-01-21,Atlas,501
2024-01-28,Atlas,535
2024-02-04,Atlas,509
2024-02-11,Atlas,534
2024-02-18,Atlas,516
2024-02-25,Atlas,511
2024-03-03,Atlas,523
2024-03-10,Atlas,540
2024-03-17,Atlas,536
2024-03-24,Atlas,513
2024-03-31,Atlas,507
2024-04-07,Atlas,514
2024-04-14,Atlas,532
2024-04-21,Atlas,531
2024-04-28,Atlas,521
2024-05-05,Atlas,528
2024-05-12,Atlas,559
2024-05-19,Atlas,563
2024-05-26,Atlas,515
2024-06-02,Atlas,560
2024-06-09,Atlas,559
2024-06-16,Atlas,510
2024-06-23,Atlas,541
2024-06-30,Atlas,575
2024-07-07,Atlas,535
2024-07-14,Atlas,490
2024-07-21,Atlas,476
2024-07-28,Atlas,483
2024-08-04,Atlas,487
2024-08-11,Atlas,504
2024-08-18,Atlas,515
2024-08-25,Atlas,532
2024-09-01,Atlas,582
2024-09-08,Atlas,554
2024-09-15,Atlas,571
2024-09-22,Atlas,538
2024-09-29,Atlas,549
2024-10-06,Atlas,542
2024-10-13,Atlas,540
2024-10-20,Atlas,540
2024-10-27,Atlas,563
2024-11-03,Atlas,558
2024-11-10,Atlas,543
2024-11-17,Atlas,506
2024-11-24,Atlas,571
2024-12-01,Atlas,566
2024-12-08,Atlas,556
2024-12-15,Atlas,566
2024-12-22,Atlas,451
2024-12-29,Atlas,446
2025-01-05,Atlas,527
2025-01-12,Atlas,524
2025-01-19,Atlas,486
2025-01-26,Atlas,513
2025-02-02,Atlas,534
2025-02-09,Atlas,515
2025-02-16,Atlas,544
2025-02-23,Atlas,557
2025-03-02,Atlas,565
2025-03-09,Atlas,601
2025-03-16,Atlas,572
2025-03-23,Atlas,536
2025-03-30,Atlas,529
2025-04-06,Atlas,565
2025-04-13,Atlas,601
2025-04-20,Atlas,608
2025-04-27,Atlas,570
2025-05-04,Atlas,573
2025-05-11,Atlas,565
2025-05-18,Atlas,540
2025-05-25,Atlas,552
2025-06-01,Atlas,558
2025-06-08,Atlas,526
2025-06-15,Atlas,541
2025-06-22,Atlas,547
2025-06-29,Atlas,529
2025-07-06,Atlas,535
2025-07-13,Atlas,495
2025-07-20,Atlas,520
2025-07-27,Atlas,522
2025-08-03,Atlas,534
2025-08-10,Atlas,511
2025-08-17,Atlas,526
2025-08-24,Atlas,603
2025-08-31,Atlas,609
2025-09-07,Atlas,619
2025-09-14,Atlas,590
2025-09-21,Atlas,555
2025-09-28,Atlas,579
2025-10-05,Atlas,596
2025-10-12,Atlas,603
2025-10-19,Atlas,592
2025-10-26,Atlas,619
2025-11-02,Atlas,623
2025-11-09,Atlas,622
2025-11-16,Atlas,595
2025-11-23,Atlas,587
2025-11-30,Atlas,592
2025-12-07,Atlas,631
2025-12-14,Atlas,613
2022-01-09,Borealis,499
2022-01-16,Borealis,490
2022-01-23,Borealis,530
2022-01-30,Borealis,529
2022-02-06,Borealis,519
2022-02-13,Borealis,494
2022-02-20,Borealis,510
2022-02-27,Borealis,523
2022-03-06,Borealis,519
2022-03-13,Borealis,484
2022-03-20,Borealis,463
2022-03-27,Borealis,436
2022-04-03,Borealis,451
2022-04-10,Borealis,480
2022-04-17,Borealis,484
2022-04-24,Borealis,488
2022-05-01,Borealis,496
2022-05-08,Borealis,496
2022-05-15,Borealis,512
2022-05-22,Borealis,519
2022-05-29,Borealis,504
2022-06-05,Borealis,496
2022-06-12,Borealis,496
2022-06-19,Borealis,474
2022-06-26,Borealis,479
2022-07-03,Borealis,502
2022-07-10,Borealis,480
2022-07-17,Borealis,428
2022-07-24,Borealis,420
2022-07-31,Borealis,401
2022-08-07,Borealis,434
2022-08-14,Borealis,446
2022-08-21,Borealis,459
2022-08-28,Borealis,491
2022-09-04,Borealis,458
2022-09-11,Borealis,486
2022-09-18,Borealis,489
2022-09-25,Borealis,499
2022-10-02,Borealis,461
2022-10-09,Borealis,459
2022-10-16,Borealis,453
2022-10-23,Borealis,460
2022-10-30,Borealis,471
2022-11-06,Borealis,481
2022-11-13,Borealis,474
2022-11-20,Borealis,461
2022-11-27,Borealis,461
2022-12-04,Borealis,473
2022-12-11,Borealis,437
2022-12-18,Borealis,471
2022-12-25,Borealis,370
2023-01-01,Borealis,351
2023-01-08,Borealis,473
2023-01-15,Borealis,469
2023-01-22,Borealis,444
2023-01-29,Borealis,428
2023-02-05,Borealis,462
2023-02-12,Borealis,456
2023-02-19,Borealis,458
2023-02-26,Borealis,479
2023-03-05,Borealis,479
2023-03-12,Borealis,500
2023-03-19,Borealis,472
2023-03-26,Borealis,479
2023-04-02,Borealis,471
2023-04-09,Borealis,482
2023-04-16,Borealis,465
2023-04-23,Borealis,442
2023-04-30,Borealis,437
2023-05-07,Borealis,405
2023-05-14,Borealis,404
2023-05-21,Borealis,423
2023-05-28,Borealis,412
2023-06-04,Borealis,426
2023-06-11,Borealis,423
2023-06-18,Borealis,414
2023-06-25,Borealis,411
2023-07-02,Borealis,415
2023-07-09,Borealis,418
2023-07-16,Borealis,362
2023-07-23,Borealis,377
2023-07-30,Borealis,382
2023-08-06,Borealis,384
2023-08-13,Borealis,388
2023-08-20,Borealis,381
2023-08-27,Borealis,402
2023-09-03,Borealis,409
2023-09-10,Borealis,407
2023-09-17,Borealis,425
2023-09-24,Borealis,398
2023-10-01,Borealis,407
2023-10-08,Borealis,421
2023-10-15,Borealis,403
2023-10-22,Borealis,389
2023-10-29,Borealis,385
2023-11-05,Borealis,412
2023-11-12,Borealis,409
2023-11-19,Borealis,393
2023-11-26,Borealis,390
2023-12-03,Borealis,399
2023-12-10,Borealis,371
2023-12-17,Borealis,365
2023-12-24,Borealis,304
2023-12-31,Borealis,327
2024-01-07,Borealis,409
2024-01-14,Borealis,386
2024-01-21,Borealis,370
2024-01-28,Borealis,406
2024-02-04,Borealis,428
2024-02-11,Borealis,405
2024-02-18,Borealis,394
2024-02-25,Borealis,386
2024-03-03,Borealis,376
2024-03-10,Borealis,376
2024-03-17,Borealis,375
2024-03-24,Borealis,385
2024-03-31,Borealis,370
2024-04-07,Borealis,359
2024-04-14,Borealis,358
2024-04-21,Borealis,366
2024-04-28,Borealis,381
2024-05-05,Borealis,401
2024-05-12,Borealis,386
2024-05-19,Borealis,376
2024-05-26,Borealis,365
2024-06-02,Borealis,353
2024-06-09,Borealis,333
2024-06-16,Borealis,336
2024-06-23,Borealis,349
2024-06-30,Borealis,351
2024-07-07,Borealis,366
2024-07-14,Borealis,328
2024-07-21,Borealis,328
2024-07-28,Borealis,311
2024-08-04,Borealis,330
2024-08-11,Borealis,328
2024-08-18,Borealis,313
2024-08-25,Borealis,352
2024-09-01,Borealis,362
2024-09-08,Borealis,355
2024-09-15,Borealis,348
2024-09-22,Borealis,357
2024-09-29,Borealis,350
2024-10-06,Borealis,324
2024-10-13,Borealis,337
2024-10-20,Borealis,341
2024-10-27,Borealis,340
2024-11-03,Borealis,354
2024-11-10,Borealis,333
2024-11-17,Borealis,345
2024-11-24,Borealis,335
2024-12-01,Borealis,337
2024-12-08,Borealis,329
2024-12-15,Borealis,305
2024-12-22,Borealis,249
2024-12-29,Borealis,238
2025-01-05,Borealis,310
2025-01-12,Borealis,330
2025-01-19,Borealis,325
2025-01-26,Borealis,319
2025-02-02,Borealis,330
2025-02-09,Borealis,338
2025-02-16,Borealis,348
2025-02-23,Borealis,342
2025-03-02,Borealis,317
2025-03-09,Borealis,309
2025-03-16,Borealis,316
2025-03-23,Borealis,317
2025-03-30,Borealis,314
2025-04-06,Borealis,309
2025-04-13,Borealis,301
2025-04-20,Borealis,313
2025-04-27,Borealis,294
2025-05-04,Borealis,299
2025-05-11,Borealis,313
2025-05-18,Borealis,316
2025-05-25,Borealis,325
2025-06-01,Borealis,314
2025-06-08,Borealis,306
2025-06-15,Borealis,297
2025-06-22,Borealis,280
2025-06-29,Borealis,273
2025-07-06,Borealis,281
2025-07-13,Borealis,270
2025-07-20,Borealis,269
2025-07-27,Borealis,274
2025-08-03,Borealis,269
2025-08-10,Borealis,259
2025-08-17,Borealis,267
2025-08-24,Borealis,274
2025-08-31,Borealis,269
2025-09-07,Borealis,270
2025-09-14,Borealis,277
2025-09-21,Borealis,275
2025-09-28,Borealis,279
2025-10-05,Borealis,265
2025-10-12,Borealis,268
2025-10-19,Borealis,267
2025-10-26,Borealis,266
2025-11-02,Borealis,266
2025-11-09,Borealis,260
2025-11-16,Borealis,252
2025-11-23,Borealis,251
2025-11-30,Borealis,256
2025-12-07,Borealis,278
2025-12-14,Borealis,288
2022-01-09,Cirrus,62
2022-01-16,Cirrus,64
2022-01-23,Cirrus,63
2022-01-30,Cirrus,63
2022-02-06,Cirrus,62
2022-02-13,Cirrus,59
2022-02-20,Cirrus,56
2022-02-27,Cirrus,61
2022-03-06,Cirrus,62
2022-03-13,Cirrus,63
2022-03-20,Cirrus,66
2022-03-27,Cirrus,63
2022-04-03,Cirrus,65
2022-04-10,Cirrus,62
2022-04-17,Cirrus,64
2022-04-24,Cirrus,60
2022-05-01,Cirrus,61
2022-05-08,Cirrus,61
2022-05-15,Cirrus,61
2022-05-22,Cirrus,62
2022-05-29,Cirrus,62
2022-06-05,Cirrus,66
2022-06-12,Cirrus,67
2022-06-19,Cirrus,69
2022-06-26,Cirrus,73
2022-07-03,Cirrus,66
2022-07-10,Cirrus,67
2022-07-17,Cirrus,64
2022-07-24,Cirrus,61
2022-07-31,Cirrus,61
2022-08-07,Cirrus,61
2022-08-14,Cirrus,63
2022-08-21,Cirrus,61
2022-08-28,Cirrus,69
2022-09-04,Cirrus,67
2022-09-11,Cirrus,67
2022-09-18,Cirrus,71
2022-09-25,Cirrus,72
2022-10-02,Cirrus,70
2022-10-09,Cirrus,72
2022-10-16,Cirrus,70
2022-10-23,Cirrus,74
2022-10-30,Cirrus,72
2022-11-06,Cirrus,75
2022-11-13,Cirrus,72
2022-11-20,Cirrus,67
2022-11-27,Cirrus,70
2022-12-04,Cirrus,72
2022-12-11,Cirrus,80
2022-12-18,Cirrus,81
2022-12-25,Cirrus,68
2023-01-01,Cirrus,65
2023-01-08,Cirrus,79
2023-01-15,Cirrus,75
2023-01-22,Cirrus,83
2023-01-29,Cirrus,87
2023-02-05,Cirrus,87
2023-02-12,Cirrus,88
2023-02-19,Cirrus,85
2023-02-26,Cirrus,92
2023-03-05,Cirrus,95
2023-03-12,Cirrus,96
2023-03-19,Cirrus,99
2023-03-26,Cirrus,102
2023-04-02,Cirrus,103
2023-04-09,Cirrus,105
2023-04-16,Cirrus,107
2023-04-23,Cirrus,108
2023-04-30,Cirrus,107
2023-05-07,Cirrus,118
2023-05-14,Cirrus,112
2023-05-21,Cirrus,108
2023-05-28,Cirrus,106
2023-06-04,Cirrus,107
2023-06-11,Cirrus,119
2023-06-18,Cirrus,114
2023-06-25,Cirrus,127
2023-07-02,Cirrus,139
2023-07-09,Cirrus,140
2023-07-16,Cirrus,129
2023-07-23,Cirrus,143
2023-07-30,Cirrus,143
2023-08-06,Cirrus,140
2023-08-13,Cirrus,158
2023-08-20,Cirrus,154
2023-08-27,Cirrus,177
2023-09-03,Cirrus,171
2023-09-10,Cirrus,178
2023-09-17,Cirrus,188
2023-09-24,Cirrus,191
2023-10-01,Cirrus,203
2023-10-08,Cirrus,221
2023-10-15,Cirrus,222
2023-10-22,Cirrus,222
2023-10-29,Cirrus,233
2023-11-05,Cirrus,250
2023-11-12,Cirrus,258
2023-11-19,Cirrus,256
2023-11-26,Cirrus,260
2023-12-03,Cirrus,255
2023-12-10,Cirrus,264
2023-12-17,Cirrus,280
2023-12-24,Cirrus,219
2023-12-31,Cirrus,245
2024-01-07,Cirrus,330
2024-01-14,Cirrus,348
2024-01-21,Cirrus,364
2024-01-28,Cirrus,357
2024-02-04,Cirrus,360
2024-02-11,Cirrus,385
2024-02-18,Cirrus,391
2024-02-25,Cirrus,402
2024-03-03,Cirrus,416
2024-03-10,Cirrus,429
2024-03-17,Cirrus,429
2024-03-24,Cirrus,424
2024-03-31,Cirrus,430
2024-04-07,Cirrus,447
2024-04-14,Cirrus,471
2024-04-21,Cirrus,478
2024-04-28,Cirrus,481
2024-05-05,Cirrus,490
2024-05-12,Cirrus,495
2024-05-19,Cirrus,524
2024-05-26,Cirrus,533
2024-06-02,Cirrus,558
2024-06-09,Cirrus,527
2024-06-16,Cirrus,527
2024-06-23,Cirrus,529
2024-06-30,Cirrus,535
2024-07-07,Cirrus,576
2024-07-14,Cirrus,560
2024-07-21,Cirrus,541
2024-07-28,Cirrus,567
2024-08-04,Cirrus,595
2024-08-11,Cirrus,564
2024-08-18,Cirrus,542
2024-08-25,Cirrus,563
2024-09-01,Cirrus,561
2024-09-08,Cirrus,624
2024-09-15,Cirrus,627
2024-09-22,Cirrus,646
2024-09-29,Cirrus,711
2024-10-06,Cirrus,659
2024-10-13,Cirrus,631
2024-10-20,Cirrus,635
2024-10-27,Cirrus,664
2024-11-03,Cirrus,680
2024-11-10,Cirrus,672
2024-11-17,Cirrus,712
2024-11-24,Cirrus,684
2024-12-01,Cirrus,671
2024-12-08,Cirrus,678
2024-12-15,Cirrus,724
2024-12-22,Cirrus,584
2024-12-29,Cirrus,552
2025-01-05,Cirrus,662
2025-01-12,Cirrus,668
2025-01-19,Cirrus,684
2025-01-26,Cirrus,687
2025-02-02,Cirrus,704
2025-02-09,Cirrus,687
2025-02-16,Cirrus,722
2025-02-23,Cirrus,719
2025-03-02,Cirrus,709
2025-03-09,Cirrus,738
2025-03-16,Cirrus,731
2025-03-23,Cirrus,727
2025-03-30,Cirrus,723
2025-04-06,Cirrus,720
2025-04-13,Cirrus,710
2025-04-20,Cirrus,680
2025-04-27,Cirrus,696
2025-05-04,Cirrus,717
2025-05-11,Cirrus,703
2025-05-18,Cirrus,697
2025-05-25,Cirrus,739
2025-06-01,Cirrus,737
2025-06-08,Cirrus,768
2025-06-15,Cirrus,735
2025-06-22,Cirrus,753
2025-06-29,Cirrus,729
2025-07-06,Cirrus,760
2025-07-13,Cirrus,718
2025-07-20,Cirrus,698
2025-07-27,Cirrus,678
2025-08-03,Cirrus,742
2025-08-10,Cirrus,730
2025-08-17,Cirrus,748
2025-08-24,Cirrus,770
2025-08-31,Cirrus,776
2025-09-07,Cirrus,823
2025-09-14,Cirrus,797
2025-09-21,Cirrus,752
2025-09-28,Cirrus,740
2025-10-05,Cirrus,722
2025-10-12,Cirrus,726
2025-10-19,Cirrus,704
2025-10-26,Cirrus,746
2025-11-02,Cirrus,692
2025-11-09,Cirrus,722
2025-11-16,Cirrus,764
2025-11-23,Cirrus,767
2025-11-30,Cirrus,778
2025-12-07,Cirrus,710
2025-12-14,Cirrus,748
2022-01-09,Delta,157
2022-01-16,Delta,153
2022-01-23,Delta,155
2022-01-30,Delta,157
2022-02-06,Delta,162
2022-02-13,Delta,155
2022-02-20,Delta,152
2022-02-27,Delta,147
2022-03-06,Delta,169
2022-03-13,Delta,177
2022-03-20,Delta,176
2022-03-27,Delta,171
2022-04-03,Delta,174
2022-04-10,Delta,178
2022-04-17,Delta,184
2022-04-24,Delta,188
2022-05-01,Delta,185
2022-05-08,Delta,188
2022-05-15,Delta,186
2022-05-22,Delta,183
2022-05-29,Delta,179
2022-06-05,Delta,182
2022-06-12,Delta,186
2022-06-19,Delta,206
2022-06-26,Delta,199
2022-07-03,Delta,204
2022-07-10,Delta,189
2022-07-17,Delta,173
2022-07-24,Delta,183
2022-07-31,Delta,179
2022-08-07,Delta,177
2022-08-14,Delta,178
2022-08-21,Delta,173
2022-08-28,Delta,201
2022-09-04,Delta,201
2022-09-11,Delta,192
2022-09-18,Delta,181
2022-09-25,Delta,192
2022-10-02,Delta,197
2022-10-09,Delta,201
2022-10-16,Delta,203
2022-10-23,Delta,186
2022-10-30,Delta,190
2022-11-06,Delta,192
2022-11-13,Delta,197
2022-11-20,Delta,193
2022-11-27,Delta,186
2022-12-04,Delta,194
2022-12-11,Delta,192
2022-12-18,Delta,194
2022-12-25,Delta,157
2023-01-01,Delta,149
2023-01-08,Delta,187
2023-01-15,Delta,190
2023-01-22,Delta,188
2023-01-29,Delta,180
2023-02-05,Delta,175
2023-02-12,Delta,170
2023-02-19,Delta,177
2023-02-26,Delta,191
2023-03-05,Delta,185
2023-03-12,Delta,190
2023-03-19,Delta,180
2023-03-26,Delta,170
2023-04-02,Delta,170
2023-04-09,Delta,162
2023-04-16,Delta,169
2023-04-23,Delta,163
2023-04-30,Delta,158
2023-05-07,Delta,170
2023-05-14,Delta,161
2023-05-21,Delta,139
2023-05-28,Delta,148
2023-06-04,Delta,152
2023-06-11,Delta,157
2023-06-18,Delta,149
2023-06-25,Delta,152
2023-07-02,Delta,147
2023-07-09,Delta,153
2023-07-16,Delta,132
2023-07-23,Delta,135
2023-07-30,Delta,145
2023-08-06,Delta,145
2023-08-13,Delta,144
2023-08-20,Delta,137
2023-08-27,Delta,147
2023-09-03,Delta,150
2023-09-10,Delta,144
2023-09-17,Delta,140
2023-09-24,Delta,138
2023-10-01,Delta,140
2023-10-08,Delta,133
2023-10-15,Delta,137
2023-10-22,Delta,131
2023-10-29,Delta,126
2023-11-05,Delta,133
2023-11-12,Delta,136
2023-11-19,Delta,135
2023-11-26,Delta,130
2023-12-03,Delta,132
2023-12-10,Delta,137
2023-12-17,Delta,135
2023-12-24,Delta,105
2023-12-31,Delta,105
2024-01-07,Delta,127
2024-01-14,Delta,122
2024-01-21,Delta,113
2024-01-28,Delta,118
2024-02-04,Delta,118
2024-02-11,Delta,104
2024-02-18,Delta,108
2024-02-25,Delta,117
2024-03-03,Delta,129
2024-03-10,Delta,128
2024-03-17,Delta,125
2024-03-24,Delta,126
2024-03-31,Delta,130
2024-04-07,Delta,131
2024-04-14,Delta,129
2024-04-21,Delta,124
2024-04-28,Delta,131
2024-05-05,Delta,135
2024-05-12,Delta,136
2024-05-19,Delta,136
2024-05-26,Delta,126
2024-06-02,Delta,129
2024-06-09,Delta,144
2024-06-16,Delta,148
2024-06-23,Delta,145
2024-06-30,Delta,145
2024-07-07,Delta,138
2024-07-14,Delta,130
2024-07-21,Delta,127
2024-07-28,Delta,126
2024-08-04,Delta,136
2024-08-11,Delta,145
2024-08-18,Delta,148
2024-08-25,Delta,167
2024-09-01,Delta,171
2024-09-08,Delta,165
2024-09-15,Delta,164
2024-09-22,Delta,167
2024-09-29,Delta,175
2024-10-06,Delta,185
2024-10-13,Delta,171
2024-10-20,Delta,171
2024-10-27,Delta,176
2024-11-03,Delta,168
2024-11-10,Delta,172
2024-11-17,Delta,174
2024-11-24,Delta,176
2024-12-01,Delta,175
2024-12-08,Delta,190
2024-12-15,Delta,193
2024-12-22,Delta,154
2024-12-29,Delta,158
2025-01-05,Delta,192
2025-01-12,Delta,184
2025-01-19,Delta,181
2025-01-26,Delta,187
2025-02-02,Delta,188
2025-02-09,Delta,198
2025-02-16,Delta,198
2025-02-23,Delta,196
2025-03-02,Delta,209
2025-03-09,Delta,235
2025-03-16,Delta,222
2025-03-23,Delta,215
2025-03-30,Delta,234
2025-04-06,Delta,223
2025-04-13,Delta,220
2025-04-20,Delta,209
2025-04-27,Delta,211
2025-05-04,Delta,223
2025-05-11,Delta,218
2025-05-18,Delta,208
2025-05-25,Delta,221
2025-06-01,Delta,225
2025-06-08,Delta,209
2025-06-15,Delta,217
2025-06-22,Delta,227
2025-06-29,Delta,217
2025-07-06,Delta,216
2025-07-13,Delta,185
2025-07-20,Delta,198
2025-07-27,Delta,193
2025-08-03,Delta,197
2025-08-10,Delta,200
2025-08-17,Delta,205
2025-08-24,Delta,222
2025-08-31,Delta,238
2025-09-07,Delta,233
2025-09-14,Delta,233
2025-09-21,Delta,221
2025-09-28,Delta,213
2025-10-05,Delta,218
2025-10-12,Delta,212
2025-10-19,Delta,206
2025-10-26,Delta,203
2025-11-02,Delta,191
2025-11-09,Delta,196
2025-11-16,Delta,193
2025-11-23,Delta,199
2025-11-30,Delta,193
2025-12-07,Delta,183
2025-12-14,Delta,191
