city,country,continent,population,area_km2,founded
Tokyo,Japan,Asia,37115000,13452,1457
Delhi,India,Asia,33807000,2344,1052
Shanghai,China,Asia,29868000,6341,1291
Dhaka,Bangladesh,Asia,23936000,2161,1608
São Paulo,Brazil,South America,22806000,7947,1554
Cairo,Egypt,Africa,22623000,3085,969
Mexico City,Mexico,North America,22505000,7866,1325
Beijing,China,Asia,22189000,16411,1045
Mumbai,India,Asia,21673000,4355,1507
Osaka,Japan,Asia,18967000,3212,1889
Chongqing,China,Asia,17773000,82403,1189
Karachi,Pakistan,Asia,17648000,3780,1729
Kinshasa,DR Congo,Africa,17032000,9965,1881
Lagos,Nigeria,Africa,16536000,1171,1472
Istanbul,Turkey,Europe,15848000,5461,660
Buenos Aires,Argentina,South America,15618000,4758,1536
Kolkata,India,Asia,15570000,1886,1690
Manila,Philippines,Asia,14941000,1787,1571
Lahore,Pakistan,Asia,14407000,1772,1000
Rio de Janeiro,Brazil,South America,13824000,4539,1565
Los Angeles,United States,North America,12534000,6299,1781
Moscow,Russia,Europe,12680000,2511,1147
Paris,France,Europe,11277000,2845,
London,United Kingdom,Europe,9748000,1738,47
