date,city_id,temp_c,precip_mm
2024-01-01,sao-paulo,23.4,60
2024-02-01,sao-paulo,23.6,32
2024-03-01,sao-paulo,22.8,93
2024-04-01,sao-paulo,21.0,43
2024-05-01,sao-paulo,18.4,24
2024-06-01,sao-paulo,17.4,94
2024-07-01,sao-paulo,16.9,203
2024-08-01,sao-paulo,18.1,178
2024-09-01,sao-paulo,19.1,171
2024-10-01,sao-paulo,20.4,57
2024-11-01,sao-paulo,21.4,123
2024-12-01,sao-paulo,22.6,68
2024-01-01,lisbon,11.6,46
2024-02-01,lisbon,12.6,32
2024-03-01,lisbon,14.9,55
2024-04-01,lisbon,16.2,205
2024-05-01,lisbon,18.6,184
2024-06-01,lisbon,21.6,179
2024-07-01,lisbon,23.3,178
2024-08-01,lisbon,23.7,51
2024-09-01,lisbon,22.3,75
2024-10-01,lisbon,18.9,142
2024-11-01,lisbon,14.8,164
2024-12-01,lisbon,12.3,189
2024-01-01,toronto,-5.5,195
2024-02-01,toronto,-4.5,28
2024-03-01,toronto,0.1,137
2024-04-01,toronto,7.1,151
2024-05-01,toronto,13.1,116
2024-06-01,toronto,18.6,47
2024-07-01,toronto,21.5,109
2024-08-01,toronto,20.6,29
2024-09-01,toronto,16.2,206
2024-10-01,toronto,9.5,192
2024-11-01,toronto,3.7,125
2024-12-01,toronto,-2.2,73
2024-01-01,sydney,23.5,201
2024-02-01,sydney,23.4,130
2024-03-01,sydney,22.1,195
2024-04-01,sydney,19.5,188
2024-05-01,sydney,16.6,117
2024-06-01,sydney,14.2,97
2024-07-01,sydney,13.4,136
2024-08-01,sydney,14.5,101
2024-09-01,sydney,17.1,44
2024-10-01,sydney,19.1,74
2024-11-01,sydney,20.6,181
2024-12-01,sydney,22.3,19
2024-01-01,reykjavik,-0.5,20
2024-02-01,reykjavik,0.4,142
2024-03-01,reykjavik,0.5,69
2024-04-01,reykjavik,2.9,122
2024-05-01,reykjavik,6.3,109
2024-06-01,reykjavik,9.0,82
2024-07-01,reykjavik,10.6,219
2024-08-01,reykjavik,10.3,51
2024-09-01,reykjavik,7.4,97
2024-10-01,reykjavik,4.4,53
2024-11-01,reykjavik,1.1,143
2024-12-01,reykjavik,-0.2,68
